<?xml version="1.0" encoding="utf-8"?>
<ApplicationInstallerManifest>
   <DefaultInstallationDirectory>/Applications/TrierUniversityOfAppliedSciences/MuscleFiberClassificationTool/</DefaultInstallationDirectory>
   <ApplicationName>MuscleFiberClassificationTool</ApplicationName>
   <ExecutableName>application/MuscleFiberClassificationTool.exe</ExecutableName>
   <GUID>ec1214f3-4285-42fd-968e-46eb4aa75a3e</GUID>
   <ApplicationIcon>default_icon_48.png</ApplicationIcon>
   <Logo>logo3617227028319679459.tmp</Logo>
   <Version>1.3</Version>
   <InstallationNotes>Application created with MATLAB 2016b.

If the connection to the MathWorks Server fails:

1.: Go to https://de.mathworks.com/products/compiler/matlab-runtime.html and download
      the MATLAB Runtime Package R2016b (9.1).

2.: Install the the MATLAB Runtime Package R2016b (9.1).

3.: After installing the the correct Runtime Package run the
      MuscleFiberClassificationTool_Installer again.

Thanks

Sebastian</InstallationNotes>
   <AuthorOrganization>Trier University of Applied Sciences</AuthorOrganization>
   <WelcomePanelText>MuscleFiberClassificationTool 1.3

Version 1.3 6-March-2020

Application created with MATLAB 2016b.

If the connection to the MathWorks Server fails:

1.: Go to https://de.mathworks.com/products/compiler/matlab-runtime.html and download
      the MATLAB Runtime Package R2016b (9.1).

2.: Install the the MATLAB Runtime Package R2016b (9.1).

3.: After installing the the correct Runtime Package run the
      MuscleFiberClassificationTool_Installer again.

Thanks

Sebastian

Sebastian Friedrich
sebastian.friedrich89@gmail.com</WelcomePanelText>
   <MCRProducts>
      <MCRProduct>
         <ExternalProductIdentifier>35000</ExternalProductIdentifier>
      </MCRProduct>
      <MCRProduct>
         <ExternalProductIdentifier>35010</ExternalProductIdentifier>
      </MCRProduct>
   </MCRProducts>
</ApplicationInstallerManifest>